language,axis,n_item_order_pairs,mean_moral_steering_shift,steering_shift_ci_low,steering_shift_ci_high,moral_flip_rate,flip_rate_ci_low,flip_rate_ci_high,run_mode
en,age,10.0,20.911258459091187,16.06211556613445,25.212920619547365,0.8,0.5,1.0,real
en,number_of_lives,10.0,29.84989038705826,25.71157114505768,33.57562082648277,1.0,1.0,1.0,real
en,social_status,10.0,10.424821817874909,6.725214390456677,15.563439742922776,0.1,0.0,0.3,real
en,species,10.0,11.696607422828674,6.94801324903965,17.007938011884683,0.6,0.3,0.9,real
zu,age,10.0,4.746952915191651,1.5498538160324098,7.821281666755673,0.6,0.3,0.9,real
zu,number_of_lives,10.0,2.948322367668152,-1.3726882910728455,7.94844414234161,0.3,0.0,0.6,real
zu,social_status,10.0,5.122281444072724,1.474961988031864,9.123061007559294,0.4,0.1,0.7,real
zu,species,10.0,4.395496213436127,-0.12744682312011718,9.143065541684626,0.7,0.4,1.0,real
