language,axis,n_item_order_pairs,mean_moral_steering_shift,steering_shift_ci_low,steering_shift_ci_high,moral_flip_rate,flip_rate_ci_low,flip_rate_ci_high,run_mode
en,age,10.0,1.9867668120208588,1.934127161519894,2.045813014190601,1.0,1.0,1.0,dry_run
en,number_of_lives,10.0,2.031928489391908,1.945545329196273,2.116591696060401,1.0,1.0,1.0,dry_run
en,social_status,10.0,1.9928596112834893,1.9221944424929842,2.066325733362913,1.0,1.0,1.0,dry_run
en,species,10.0,1.9779571050961866,1.9179653033967516,2.042500405964541,1.0,1.0,1.0,dry_run
zu,age,10.0,1.2421314185748646,1.178202823255491,1.3065792549905961,1.0,1.0,1.0,dry_run
zu,number_of_lives,10.0,1.2653400246483133,1.18730628755676,1.349350389078341,1.0,1.0,1.0,dry_run
zu,social_status,10.0,1.287181262298995,1.234556880410611,1.3449316950415569,1.0,1.0,1.0,dry_run
zu,species,10.0,1.2681707428757032,1.1949707909151206,1.3405186761886505,1.0,1.0,1.0,dry_run
